user_id,total_orders,total_spent,avg_order_spend,total_items_bought,next_order_spend
1,6,4019.98,669.996667,13.0,79.99
2,7,456.0,65.142857,21.0,92.0
3,6,1560.98,260.163333,16.0,53.0
4,8,9143.95,1142.99375,18.0,2475.0
5,6,268.0,44.666667,28.0,51.0
6,7,1026.96,146.708571,15.0,144.99
7,6,241.96,40.326667,20.0,44.98
8,7,7877.95,1125.421429,14.0,1044.0
9,6,361.98,60.33,16.0,43.99
10,7,4050.95,578.707143,14.0,79.98
